性质,质量等级,是否,藏品数,珍贵文物,展览,教育活动,参观人数,地区,博物馆名字
文物,未定级,是,358,203,2,13,2,蔡甸区,蔡甸区博物馆
非国有,未定级,是,354,0,0,1,1,武昌区,德森地契博物馆
非国有,未定级,是,305,0,1,5,2.5,江夏区,蜂之巢蜜蜂博物馆
文物,未定级,是,300,0,6,11,1.6,汉南区,汉南区博物馆
文物,未定级,是,1404,300,1,5,1.2,黄陂区,黄陂区博物馆
文物,未定级,是,1767,526,3,7,8.3,江夏区,江夏区博物馆
文物,未定级,是,752,26,10,21,35,武昌区,晴川阁管理处（武汉大禹文化博物馆）
非国有,未定级,是,1267,0,3,4,1.65,武昌区,秋枫记忆老物件博物馆
文物,未定级,是,394,138,12,12,11.6,新洲区,新洲区博物馆
非国有,未定级,否,398,0,0,32,3.3,新洲区,新洲区凤凰民俗博物馆
非国有,未定级,否,3033,0,3,7,5.8,新洲区,达临性学博物馆
非国有,未定级,是,1554,0,7,5,4.8,武昌区,大唐陶瓷博物馆
非国有,未定级,是,104,0,1,38,7.9,江夏区,大余湾社区博物馆
非国有,未定级,是,298,0,2,2,1,汉南区,道一堂中医药博物馆
非国有,未定级,是,330,0,1,0,0,武昌区,点点打字机博物馆
行业,未定级,是,335,0,1,0,13.6,青山区,东湖梅花博物馆（武汉东湖荷花博物馆）
行业,未定级,是,350,0,0,150,1.2,洪山区,鄂菜博物馆
行业,三级,是,5700,20,4,43,14.5,江夏区,二七纪念馆
非国有,未定级,是,310,0,1,0,4,黄陂区,凡氏老相机博物馆
非国有,未定级,是,94,0,2,2,0.5,武昌区,高龙博物馆
文物,二级,是,27903,457,35,99,224,武昌区,革命博物馆
非国有,未定级,是,231,0,2,2,0.5,江岸区,汉绣博物馆
行业,未定级,是,515,0,3,4,0.2,蔡甸区,汉正街博物馆
非国有,未定级,是,3030,0,2,10,4.9,蔡甸区,壶语堂博物馆
非国有,未定级,是,415,0,12,2,5.6,武昌区,槐川博物馆
非国有,未定级,是,1001,0,7,10,9,武昌区,金楠雅苑金丝楠木博物馆
非国有,未定级,是,448,0,3,25,1.1,武昌区,荆楚金石博物馆
非国有,未定级,是,309,0,1,2,1.3,武昌区,精益眼镜博物馆
非国有,未定级,是,480,0,2,10,3.7,洪山区,康思农蜜蜂博物馆
非国有,未定级,是,362,0,1,1,1,汉阳区,蓝鼎和鼻烟壶博物馆
非国有,未定级,是,96,0,0,0,0,汉阳区,蓝光艺术博物馆
非国有,未定级,是,400,0,0,12,3.1,汉阳区,老门茶器博物馆
非国有,未定级,是,309,0,19,26,2.7,江汉区,黎黄陂文化博物馆
非国有,未定级,否,1282,0,7,2,20.4,东西湖区,李庄古建筑博物馆
行业,未定级,是,3000,0,2,8,5.1,洪山区,奇石文化博物馆
行业,未定级,是,261,0,15,2,0.3,武昌区,硚口民族工业博物馆
非国有,未定级,是,3052,0,1,0,0,武昌区,巧巧扑克牌博物馆
非国有,未定级,否,303,0,3,12,3.5,武昌区,琴台钢琴博物馆
非国有,未定级,是,7270,0,5,5,3.5,洪山区,青菱文农艺术博物馆
非国有,未定级,是,366,0,1,4,4.1,洪山区,三汉雕塑艺术博物馆
文物,未定级,是,358,203,2,13,2,洪山区,蔡甸区博物馆
非国有,未定级,是,354,0,0,1,1,技术开发区,德森地契博物馆
非国有,未定级,是,305,0,1,5,2.5,武昌区,蜂之巢蜜蜂博物馆
文物,未定级,是,300,0,6,11,1.6,武昌区,汉南区博物馆
文物,未定级,是,1404,300,1,5,1.2,武昌区,黄陂区博物馆
文物,未定级,是,1767,526,3,7,8.3,武昌区,江夏区博物馆
文物,未定级,是,752,26,10,21,35,武昌区,晴川阁管理处（武汉大禹文化博物馆）
非国有,未定级,是,1267,0,3,4,1.65,武昌区,秋枫记忆老物件博物馆
文物,未定级,是,394,138,12,12,11.6,武昌区,新洲区博物馆
非国有,未定级,否,398,0,0,32,3.3,武昌区,新洲区凤凰民俗博物馆
非国有,未定级,是,418,0,0,4,3.4,武昌区,袁家店红色文化博物馆
非国有,未定级,是,500,0,4,4,3,武昌区,贞元博物馆
文物,一级,是,6612,3111,13,78,50,江夏区,中山舰博物馆
非国有,未定级,是,398,0,1,1,1.5,汉南区,天人合一奇石博物馆
非国有,未定级,是,666,0,3,3,1.8,武昌区,铁盾书画艺术博物馆
非国有,未定级,是,305,0,1,2,2.3,青山区,杨楼子老榨坊博物馆
非国有,未定级,是,453,0,6,6,2,武昌区,屹苑盆景文化艺术博物馆
非国有,未定级,是,338,0,8,4,2.1,江夏区,益合当代书画艺术博物馆
非国有,未定级,是,11181,0,5,6,2.2,黄陂区,永庭石画博物馆
非国有,未定级,是,3980,0,3,8,0.7,武昌区,虞小风指画博物馆
非国有,未定级,是,283,0,3,3,2,武昌区,中部兰亭艺术博物馆
文物,未定级,是,2130,13,11,41,18.5,江岸区,中共中央机关旧址纪念馆
非国有,未定级,是,283,0,7,397,10.9,蔡甸区,侏儒山战役博物馆
非国有,未定级,是,350,0,4,9,2.8,蔡甸区,竹韵堂竹雕博物馆
非国有,未定级,否,859,0,2,8,2.3,武昌区,钻石艺术博物馆
行业,未定级,是,88,34,3,55,21.3,武昌区,张之洞与武汉博物馆
行业,三级,否,35500,0,8,39,38.1,武昌区,中国地质大学（武汉）逸夫博物馆
