地区,参观人数（2020年）,教育活动（2020年）
东西湖区,20.4,2
技术开发区,1,1
新洲区,20.7,51
武昌区,427.5000000000001,412
汉南区,4.1,14
汉阳区,4.1,13
江夏区,85.3,175
江岸区,19.0,43
江汉区,2.7,26
洪山区,19.6,190
蔡甸区,20.8,433
青山区,15.899999999999999,2
黄陂区,7.4,11
